Year,GDP,Inflation,Population,Unemployment,Interest_Rate,Fiscal_Deficit,Revenue,Expenditure
2021,3167270623260.47,5.13140747176369,1407563842.0,6.38,0.316945144,9.2,2169905.0,3793801.0
2022,3346107287730.93,6.69903414079852,1417173173.0,4.822,2.521315449,6.7,2348413.0,4187232.0
2023,3638489096033.86,5.64914318907925,1417173173.0,4.172,2.521315449,6.4,2632281.0,4503097.0
